id,conversation_id,created_at,date,time,timezone,user_id,username,name,place,tweet,language,mentions,urls,photos,replies_count,retweets_count,likes_count,hashtags,cashtags,link,retweet,quote_url,video,thumbnail,near,geo,source,user_rt_id,user_rt,retweet_id,reply_to,retweet_date,translate,trans_src,trans_dest
1399793812550176769,1399793812550176769,2021-06-01 21:23:46 +03,2021-06-01,21:23:46,+0300,4774500346,merryy05,Meryem.,,farkÄ±nda mÄ±sÄ±nÄ±z ne zamanlar yasaklar kalksa hava da yaÄŸmur Ã§amur. hiÃ§ yaÄŸmayan yere bile yaÄŸmur yaÄŸmÄ±ÅŸ ğŸ¥¸,tr,[],[],[],0,0,0,[],[],https://twitter.com/merryy05/status/1399793812550176769,False,,0,,,,,,,,[],,,,
1399793474694754307,1399793474694754307,2021-06-01 21:22:25 +03,2021-06-01,21:22:25,+0300,1169497084430618625,turguttuba_,Tuba,,Kendi zihniyetini millete dayatamazsÄ±n! Ä°nsanlarÄ±n yaÅŸama tarzÄ±na mÃ¼dahale edemezsin. Seninkine artÄ±k ideoloji diyemiyorum. Ä°nsanÄ±n ideolojisinin olmasÄ± iÃ§in beynini kullanmasÄ± gerekir. #22YasaÄŸÄ±KaldÄ±rÄ±lsÄ±n #yasaklar #kÄ±sÄ±tlama #sanatsusmasÄ±n #gÃ¶zÃ¼nÃ¼yumma,tr,[],[],[],0,0,0,"['22yasaÄŸÄ±kaldÄ±rÄ±lsÄ±n', 'yasaklar', 'kÄ±sÄ±tlama', 'sanatsusmasÄ±n', 'gÃ¶zÃ¼nÃ¼yumma']",[],https://twitter.com/TurgutTuba_/status/1399793474694754307,False,,0,,,,,,,,[],,,,
1399793437092761603,1399793437092761603,2021-06-01 21:22:16 +03,2021-06-01,21:22:16,+0300,545805497,onurbayraktar61,Onur Bayraktar,,AÃ§Ä±klanan yasaklar evlenin ama gerdeÄŸe girmeyin gibi biÅŸe olmamÄ±ÅŸmÄ± sizcede,tr,[],[],[],0,0,0,[],[],https://twitter.com/OnurBayraktar61/status/1399793437092761603,False,,0,,,,,,,,[],,,,
1399793435519946752,1399793435519946752,2021-06-01 21:22:16 +03,2021-06-01,21:22:16,+0300,1064960733060960258,begumgorgun,Begolis,,"Ä°Ã§ki iÃ§enlere, mayo giyenlere, sanat severlere, eÄŸlenmeyi bilenlere kÄ±saca Ã¶zgÃ¼rlÃ¼kÃ§Ã¼ , CumhuriyetÃ§i insanlara tahammÃ¼lleri yok ! Covid bahane yasaklar ÅŸahane...  #AKPyeMHPyeOYyok #sahnenesahipcÄ±k #1HazirandanÄ°tibaren  #gozunuyumma",tr,[],[],[],0,0,0,"['akpyemhpyeoyyok', 'sahnenesahipcÄ±k', '1hazirandaniÌ‡tibaren', 'gozunuyumma']",[],https://twitter.com/begumgorgun/status/1399793435519946752,False,,0,,,,,,,,[],,,,
1399793427215273993,1399793427215273993,2021-06-01 21:22:14 +03,2021-06-01,21:22:14,+0300,1151604947244539911,mkocanci,Mkoc,,"Acaba hangi ÅŸarkÄ±cÄ±lar, sanatÃ§Ä±lar bu dÃ¶nemde saraydan destek aldÄ±? BazÄ±larÄ± mÃ¼zisyenlerin pandemi mapusluÄŸuna ses etmiyor da .. Bizde mi yoklama alsak?  Burda mÄ±sÄ±n Yavuz? Burda mÄ±sÄ±n Baba Orhan?  #yasaklar  #mueziksusmasÄ±n",tr,[],[],[],0,0,0,"['yasaklar', 'mueziksusmasÄ±n']",[],https://twitter.com/mkocanci/status/1399793427215273993,False,,0,,,,,,,,[],,,,
1399793352606879754,1399793352606879754,2021-06-01 21:21:56 +03,2021-06-01,21:21:56,+0300,2475086258,kultiginstark,KÃ¼ltigin Stark,,Yasaklar bitti ve kurgu tweet yazmak iÃ§in mekandaki yerimi aldÄ±m  https://t.co/gHV0Xhr504,tr,[],[],['https://pbs.twimg.com/media/E20QoRcXEAAKSAe.jpg'],0,0,4,[],[],https://twitter.com/KultiginStark/status/1399793352606879754,False,,1,https://pbs.twimg.com/media/E20QoRcXEAAKSAe.jpg,,,,,,,[],,,,
1399793194062262273,1399791836064014337,2021-06-01 21:21:19 +03,2021-06-01,21:21:19,+0300,1244964140965380096,cem_kalman,Cem Kalman,,@solmazgulgoz KÄ±ÅŸ olunca da yasaklar oluyor. Baharlar en gÃ¼zeli galiba ğŸ€,tr,[],[],[],0,0,0,[],[],https://twitter.com/cem_kalman/status/1399793194062262273,False,,0,,,,,,,,"[{'screen_name': 'solmazgulgoz', 'name': 'ULRÄ°KEâ™€', 'id': '601004909'}]",,,,
1399793179436670983,1399789649829183490,2021-06-01 21:21:15 +03,2021-06-01,21:21:15,+0300,1000779197873258501,h_ciloglu,HÃ¼seyin Ã‡iloÄŸlu,,O tarihten sonra Ana AkÄ±m Medya Prime Time (akÅŸam) programlarÄ±ma yasaklar geldi.   Gece gÃ¼ndÃ¼z program iÃ§in Ã§aÄŸÄ±ran Haber kanallarÄ± aramaz oldular.   O gÃ¼nden sonra meydan Bilim Ä°nsanÄ± gÃ¶rÃ¼nÃ¼mlÃ¼ Korku Tacirlerine kaldÄ±.,tr,[],[],[],1,2,17,[],[],https://twitter.com/H_Ciloglu/status/1399793179436670983,False,,0,,,,,,,,[],,,,
1399793076193873926,1399793076193873926,2021-06-01 21:20:50 +03,2021-06-01,21:20:50,+0300,3000311205,passionisss,ğŸ‘‰ passionis,,"*22:00â€™den sonra sokaÄŸa Ã§Ä±kÄ±yormuÅŸsunuz, Ã‡IKARTMAM *EÄŸlenmeye gidiyormuÅŸsunuz,GÃ–NDERMEM *Haftasonu alkol alÄ±yormuÅŸsunuz,ALDIRTMAM  Ãœlkeyi Mahmut Hoca yÃ¶netiyor sanki ğŸ™ˆğŸ™ˆğŸ™ˆğŸ˜ #yasaklar",tr,[],[],[],0,0,5,['yasaklar'],[],https://twitter.com/passionisss/status/1399793076193873926,False,,0,,,,,,,,[],,,,
1399792936393576456,1399792936393576456,2021-06-01 21:20:17 +03,2021-06-01,21:20:17,+0300,1314142964172697601,iammeryyy,MeryemğŸ¦„,,"Yasaklar esnedi, kafeler restoranlar aÃ§Ä±ldÄ±, dÃ¼ÄŸÃ¼n nikÃ¢h serbest, okullar aÃ§Ä±ldÄ±, yine deÄŸiÅŸmeyen tek ÅŸey benim hayatÄ±m",tr,[],[],[],0,0,3,[],[],https://twitter.com/iammeryyy/status/1399792936393576456,False,,0,,,,,,,,[],,,,
1399792925479948291,1399792925479948291,2021-06-01 21:20:14 +03,2021-06-01,21:20:14,+0300,1228326221932568577,sahbatur7,Duygusal Hezeyanlar,,DÃ¼nden beri bu yasaklar akÄ±lla mantÄ±kla alakalÄ± deÄŸil diye Ã¼stÃ¼nÃ¼zÃ¼ baÅŸÄ±nÄ± parÃ§aladÄ±nÄ±z e buyrun Ã§Ä±kÄ±n sokaÄŸa desteklemeyen sizin gibi olsun.,tr,[],[],[],0,0,0,[],[],https://twitter.com/sahbatur7/status/1399792925479948291,False,,0,,,,,,,,[],,,,
1399792914381869065,1399792914381869065,2021-06-01 21:20:12 +03,2021-06-01,21:20:12,+0300,1091097120499777537,netlafmacun,Lafmacun ğŸ‡¹ğŸ‡·,,GerÃ§ekten bu yasaklar var mÄ± diyeceÄŸiniz ve inanamayacaÄŸÄ±nÄ±z Ã§ok ilginÃ§ ve saÃ§ma yasaklarÄ± sizin iÃ§in listeledik.   https://t.co/2x0cUWfQqh  https://t.co/oex3xXNiWu,tr,[],['https://bit.ly/2TpUeNs'],['https://pbs.twimg.com/media/E20QPNnXoAEURum.jpg'],0,0,0,[],[],https://twitter.com/NetLafmacun/status/1399792914381869065,False,,1,https://pbs.twimg.com/media/E20QPNnXoAEURum.jpg,,,,,,,[],,,,
1399792714187739136,1399792714187739136,2021-06-01 21:19:24 +03,2021-06-01,21:19:24,+0300,352275018,turmalin22,Mehmet Demiral,,#CumhurbaÅŸkanÄ±TRTde pazar gÃ¼nÃ¼ yasaklar kaksin yeter artÄ±k,tr,[],[],[],0,0,0,['cumhurbaÅŸkanÄ±trtde'],[],https://twitter.com/turmalin22/status/1399792714187739136,False,,0,,,,,,,,[],,,,
1399792519123251201,1399792519123251201,2021-06-01 21:18:38 +03,2021-06-01,21:18:38,+0300,457677373,ysmn_eksioglu,YASEMÄ°N EKÅÄ°OÄLU,,"Åu akil insanlar,sanatÃ§Ä±yÄ±m diye geÃ§inen sarayÄ±n gel diyince gelen git diyince giden yalakalarÄ±..ÅŸimdi buralarda #yasaklar iÃ§in kolpadan aÄŸlamasÄ±n bir zahmet",tr,[],[],[],0,0,0,['yasaklar'],[],https://twitter.com/YSMN_EKSIOGLU/status/1399792519123251201,False,,0,,,,,,,,[],,,,
1399792401871478791,1399792401871478791,2021-06-01 21:18:10 +03,2021-06-01,21:18:10,+0300,107741097,elifzgr,Elif Nur Kocakaya,,"Kapanan yerler aÃ§Ä±lÄ±yor, az Ã§ok toparlanacaklar ancak turist rehberleri hala evde, iÅŸsiz, parasÄ±z ve borÃ§ iÃ§indeler.  #rehberlerehibeverilsin #turistrehberlerihibedesteÄŸiistiyor #Ã§aykur #gÃ¼ndem #turizm #emrebelezoglu #aÃ§Ä±lma #yasaklar #COVID19 #Sinovac",tr,[],[],[],0,3,6,"['rehberlerehibeverilsin', 'turistrehberlerihibedesteÄŸiistiyor', 'Ã§aykur', 'gÃ¼ndem', 'turizm', 'emrebelezoglu', 'aÃ§Ä±lma', 'yasaklar', 'covid19', 'sinovac']",[],https://twitter.com/elifzgr/status/1399792401871478791,False,https://twitter.com/thebigtourguide/status/1399790937090441229,0,,,,,,,,[],,,,
1399792107959762949,1399780030809522184,2021-06-01 21:17:00 +03,2021-06-01,21:17:00,+0300,1138524660210049024,ibartlett_,Charli'ninBakÄ±ÅŸÄ±,,@6drug7rastus @niggabois @vaziyetcomtr Evimin 50 metre yakÄ±nÄ±nda dÄ±ÅŸarÄ±da yakalandÄ±m. Cumhuriyet savcÄ±sÄ± bir tanÄ±dÄ±ÄŸÄ±mÄ±z var Ã§ok bilmiyor o konularÄ± daha yeni yasaklar olduÄŸu iÃ§in ama itiraz edin dedi ettik. Åimdi 2300 tl indirim olmuÅŸken bir daha itiraz edip daha kÃ¶tÃ¼ sonuÃ§ alma ihtilamide var,tr,[],[],[],1,0,0,[],[],https://twitter.com/iBartlett_/status/1399792107959762949,False,,0,,,,,,,,"[{'screen_name': '6drug7rastus', 'name': 'Onur / Where is 128 billion dollars ?', 'id': '1126248172702056450'}, {'screen_name': 'niggabois', 'name': '.', 'id': '606546167'}, {'screen_name': 'vaziyetcomtr', 'name': 'Vaziyet', 'id': '3347392840'}]",,,,
1399792078134067200,1399792078134067200,2021-06-01 21:16:52 +03,2021-06-01,21:16:52,+0300,1358860244223467521,ouzbulat2,OÄŸuz Bulat,,EÄŸer Ã§ocuklara aÅŸÄ± vurmayÄ± dayatirsaniz okula da yollamayacaÄŸÄ±z. #yasaklar umrumuzda degil. Bu iÅŸ #sivilitaatsizlik e kadar gider. Formumuzu da hazÄ±rladÄ±k bey mi yaman Halk mÄ± yaman gÃ¶receÄŸiz. #AsÄ±DeÄŸilBiyolojikSilah #CumhurbaskanÄ±TRTde #DanÄ±stayMaskeKararÄ±nÄ±AcÄ±kla  https://t.co/LMLteYFEVQ,tr,[],[],['https://pbs.twimg.com/media/E20PedVXEAINfyO.jpg'],0,0,0,"['yasaklar', 'sivilitaatsizlik', 'asÄ±deÄŸilbiyolojiksilah', 'cumhurbaskanÄ±trtde', 'danÄ±staymaskekararÄ±nÄ±acÄ±kla']",[],https://twitter.com/OuzBulat2/status/1399792078134067200,False,,1,https://pbs.twimg.com/media/E20PedVXEAINfyO.jpg,,,,,,,[],,,,
1399792007019741184,1399792007019741184,2021-06-01 21:16:36 +03,2021-06-01,21:16:36,+0300,1082912386867171329,semanurkalfa1,Sema,,"Mekanlar aÃ§Ä±ldÄ±, yasaklar kalktÄ± ama manitayla buluÅŸmama daha 3 ay var bu Ã§aresizliÄŸi nasÄ±l anlatÄ±rÄ±m bilemiyorum:(",tr,[],[],[],0,0,0,[],[],https://twitter.com/SemaNurKalfa1/status/1399792007019741184,False,,0,,,,,,,,[],,,,
1399791698860032025,1399789429426995201,2021-06-01 21:15:22 +03,2021-06-01,21:15:22,+0300,991655682540744704,siyah_different,Siyahh..Differentt,,"@Barikat__lar3 SÃ¶zÃ¼mÃ¼z Olsun; #SizGidince En bÃ¼yÃ¼k halayÄ±mÄ±zÄ± Gezi parkÄ±nda kuracaÄŸÄ±z  KadÄ±n Cinayetleri CezasÄ±z Kalmayacak   DoÄŸa KatliamlarÄ± Bitecek,  Yolsuzluk,Yasaklar, Son Bulacak.   Ã–zgÃ¼r Bir Ãœlke yaratmak Ä°Ã§in siz gidene kadar mÃ¼cadeleye devam EdeceÄŸiz...  https://t.co/6ZL4QXd1Zk",tr,[],[],['https://pbs.twimg.com/media/E20ND4gWQAUD71O.jpg'],0,2,4,['sizgidince'],[],https://twitter.com/siyah_different/status/1399791698860032025,False,,1,https://pbs.twimg.com/media/E20ND4gWQAUD71O.jpg,,,,,,,"[{'screen_name': 'Barikat__lar3', 'name': 'BARÄ°KAT', 'id': '1323150263562227712'}]",,,,
1399791666173784068,1399487921670037506,2021-06-01 21:15:14 +03,2021-06-01,21:15:14,+0300,2299060877,astrosohbet,BurÃ§lar Loading...,,"@cemseymen Ä°ÅŸin iÃ§inde bir iÅŸ olduÄŸunu anca anlamÄ±ÅŸ  Neyse geÃ§ de olsa iyidir SalgÄ±n yalanÄ± ve yasaklar bilimsel deÄŸil, politik AÅŸÄ± karÅŸÄ±tÄ± deyip Ã¶telenen insanlar neler sÃ¶ylÃ¼yor zahmet olmazsa bir araÅŸtÄ±rÄ±n",tr,[],[],[],0,0,0,[],[],https://twitter.com/astrosohbet/status/1399791666173784068,False,,0,,,,,,,,"[{'screen_name': 'cemseymen', 'name': 'Cem Seymen', 'id': '63426341'}]",,,,
1399791535286362116,1399791535286362116,2021-06-01 21:14:43 +03,2021-06-01,21:14:43,+0300,390140451,yilmazzzyasemin,YaseminnoÅŸ ğŸ‘¸ğŸ¼,,"Yasaklar kalktÄ± ama bu defa da biz normalleÅŸemedik, halÃ¢ SalÄ± gecelerimin tek aktivitesi sevgilimle #edho izlemek",tr,[],[],[],0,0,3,['edho'],[],https://twitter.com/yilmazzzyasemin/status/1399791535286362116,False,,0,,,,,,,,[],,,,
1399791518735552512,1399719458483150854,2021-06-01 21:14:39 +03,2021-06-01,21:14:39,+0300,1393940829815857152,orkomorko,Orko,,@nevsinmengu Bekliyoruz hangi yasaklar pandemi sonrasÄ± kalÄ±cÄ± hake gelecek,tr,[],[],[],0,0,0,[],[],https://twitter.com/OrkoMorko/status/1399791518735552512,False,,0,,,,,,,,"[{'screen_name': 'nevsinmengu', 'name': 'nevsin mengu', 'id': '107655313'}]",,,,
1399791502843392009,1399791502843392009,2021-06-01 21:14:35 +03,2021-06-01,21:14:35,+0300,1341149663454519298,tgelbkanarya,TARKANBABA(GELBKANARYA),,"#yasaklar  #CoronavirusPandemic  AÅŸÄ± Olmak Ä°stemeyen 65 YaÅŸ ÃœstÃ¼ Vatan Hainleri SAAT:10:00 ile 14:00 Saatleri ArasÄ±nda Avluya Ã‡Ä±kartÄ±lacaklar ... (Evet evet hep iyilikleri icin ,zaten yasamislar yasayacaklari kadar dimi ama)ğŸ™„ Hicbir garanti vermeyen firmalarin AÅŸÄ±sini olun â—ï¸â—ï¸  https://t.co/zSZOLwsfQ1",tr,[],[],"['https://pbs.twimg.com/media/E20NjrIXEAwNiq5.png', 'https://pbs.twimg.com/media/E20Nn9EWUAUXxfu.png', 'https://pbs.twimg.com/media/E20N1lvXwAEznCl.png', 'https://pbs.twimg.com/media/E20ODFKWEAMa2Wr.png']",0,0,2,"['yasaklar', 'coronaviruspandemic']",[],https://twitter.com/TGelbkanarya/status/1399791502843392009,False,,1,https://pbs.twimg.com/media/E20NjrIXEAwNiq5.png,,,,,,,[],,,,
1399791461990866946,1399791461990866946,2021-06-01 21:14:26 +03,2021-06-01,21:14:26,+0300,1255148410874638336,12_21bin_diyar,Ahmet ELBAHADIR,,#CumhurbaskanÄ±TRTde #KaLanÄ°stanbuluKurtaralÄ±m #istifayasaÄŸÄ±kalkmalÄ±  #392Tl #Ayete5816DavasÄ±  #AliKoc  #ailelerdaÄŸÄ±lÄ±yor #yasaklar  https://t.co/yEKjWa2uAr,und,[],[],"['https://pbs.twimg.com/media/E20O55jXoAIIIYH.jpg', 'https://pbs.twimg.com/media/E20O6kiX0AAwUJ8.jpg']",0,0,2,"['cumhurbaskanÄ±trtde', 'kalaniÌ‡stanbulukurtaralÄ±m', 'istifayasaÄŸÄ±kalkmalÄ±', '392tl', 'ayete5816davasÄ±', 'alikoc', 'ailelerdaÄŸÄ±lÄ±yor', 'yasaklar']",[],https://twitter.com/12_21bin_diyar/status/1399791461990866946,False,,1,https://pbs.twimg.com/media/E20O55jXoAIIIYH.jpg,,,,,,,[],,,,
1399791338221080579,1399791338221080579,2021-06-01 21:13:56 +03,2021-06-01,21:13:56,+0300,1354703008169402375,idrisavci65,Ä°dris Avci,,#CumhurbaÅŸkanÄ±TRTde soruyorum size siz turizim kapalÄ±yken neden her yere yasaklar getiriyorsunuz turizim vakti geldi mi bÃ¼tÃ¼n yasaklarÄ± kaldÄ±rÄ±yorsunuz halkÄ± dÃ¼ÅŸÃ¼ndÃ¼ÄŸÃ¼nÃ¼z iÃ§in mi yoksa kasadaki eksiÄŸi tamlamak iÃ§in mi ???,tr,[],[],[],0,0,5,['cumhurbaÅŸkanÄ±trtde'],[],https://twitter.com/idrisavci65/status/1399791338221080579,False,,0,,,,,,,,[],,,,
1399791262396469250,1399789429426995201,2021-06-01 21:13:38 +03,2021-06-01,21:13:38,+0300,1276250536338219009,ratsiyar,Åiyar FÄ±rat,,"@Barikat__lar3 SÃ¶zÃ¼mÃ¼z Olsun; #SizGidince En bÃ¼yÃ¼k halayÄ±mÄ±zÄ± Gezi parkÄ±nda kuracaÄŸÄ±z  KadÄ±n Cinayetleri CezasÄ±z Kalmayacak   DoÄŸa KatliamlarÄ± Bitecek,  Yolsuzluk,Yasaklar, Son Bulacak.   Ã–zgÃ¼r Bir Ãœlke yaratmak Ä°Ã§in siz gidene kadar mÃ¼cadeleye devam EdeceÄŸiz...",tr,[],[],[],0,2,5,['sizgidince'],[],https://twitter.com/RatSiyar/status/1399791262396469250,False,,0,,,,,,,,"[{'screen_name': 'Barikat__lar3', 'name': 'BARÄ°KAT', 'id': '1323150263562227712'}]",,,,
1399791190380318724,1399791190380318724,2021-06-01 21:13:21 +03,2021-06-01,21:13:21,+0300,1276250536338219009,ratsiyar,Åiyar FÄ±rat,,"SÃ¶zÃ¼mÃ¼z Olsun; #SizGidince En bÃ¼yÃ¼k halayÄ±mÄ±zÄ± Gezi parkÄ±nda kuracaÄŸÄ±z  KadÄ±n Cinayetleri CezasÄ±z Kalmayacak   DoÄŸa KatliamlarÄ± Bitecek,  Yolsuzluk,Yasaklar, Son Bulacak.",tr,[],[],[],0,3,7,['sizgidince'],[],https://twitter.com/RatSiyar/status/1399791190380318724,False,https://twitter.com/Barikat__lar3/status/1399789429426995201,0,,,,,,,,[],,,,
1399791063750090764,1399791063750090764,2021-06-01 21:12:51 +03,2021-06-01,21:12:51,+0300,1335845360464506880,fakir71234802,Fakir ğŸ› ï¸,,"Sanat dÃ¼ÅŸmanlÄ±ÄŸÄ±, insan dÃ¼ÅŸmanlÄ±ÄŸÄ±dÄ±r. DÃ¼ÅŸÃ¼nce ve estetiÄŸin Ã¼rÃ¼nÃ¼ olan sanat,toplumun uygarlÄ±k Ã¶lÃ§Ã¼sÃ¼dÃ¼r. Sanat dÃ¼ÅŸmanlÄ±ÄŸÄ± uygarlÄ±k dÃ¼ÅŸmanlÄ±ÄŸÄ±nÄ± da birlikte getirir. Yasaklar sanatÄ± yok etmez, sanat kendini yasaklayanÄ± sergiler,teÅŸhir eder.",tr,[],[],[],0,0,2,[],[],https://twitter.com/Fakir71234802/status/1399791063750090764,False,,0,,,,,,,,[],,,,
1399790802046525443,1399774422211436552,2021-06-01 21:11:48 +03,2021-06-01,21:11:48,+0300,1264001608284766208,beenpapatya,MÃ¼boÅŸ ama daisy olan,,@theAkiff Yasaklar yeni bitmiÅŸtir :),tr,[],[],[],0,0,1,[],[],https://twitter.com/BeenPapatya/status/1399790802046525443,False,,0,,,,,,,,"[{'screen_name': 'theAkiff', 'name': 'ğŸ‡¹ğŸ‡·Akif Ejderha', 'id': '779547642221199368'}]",,,,
1399790598568263683,1399789429426995201,2021-06-01 21:11:00 +03,2021-06-01,21:11:00,+0300,1672326211,deniz_gulunay,DeNiz GÃ¼LÃ¼NaY ğŸ³ï¸â€ğŸŒˆ,,"@Barikat__lar3 #SizGidince hÄ±rsÄ±zlÄ±k, yolsuzluk, yasaklar son bulacak .",tr,[],[],[],0,4,6,['sizgidince'],[],https://twitter.com/deniz_gulunay/status/1399790598568263683,False,,0,,,,,,,,"[{'screen_name': 'Barikat__lar3', 'name': 'BARÄ°KAT', 'id': '1323150263562227712'}]",,,,
1399790522772996099,1399790522772996099,2021-06-01 21:10:42 +03,2021-06-01,21:10:42,+0300,4735953988,mujdeiris,MÃœJDE,,Yasaklar kalkar kalkmaz tÃ¼m erkekler koÅŸa koÅŸa spor storysi attÄ± . Bu kadar organize olduÄŸunuz tek konu bu mu cidden,tr,[],[],[],0,0,1,[],[],https://twitter.com/mujdeiris/status/1399790522772996099,False,,0,,,,,,,,[],,,,
1399790434998796289,1399790434998796289,2021-06-01 21:10:21 +03,2021-06-01,21:10:21,+0300,1396580012904665092,medine_6712,medina,,GÃ¼nlerdir herkes bugÃ¼nÃ¼ beklÄ±yomuÅŸ yasaklar bitsin diye bir tek bunu umursamayan benim heraldeğŸ¤·â€â™€ï¸,tr,[],[],[],0,0,0,[],[],https://twitter.com/medine_6712/status/1399790434998796289,False,,0,,,,,,,,[],,,,
1399790194174398467,1399790194174398467,2021-06-01 21:09:23 +03,2021-06-01,21:09:23,+0300,730469137,01puni,Zeynep PÄ±nar,,"""VurmayÄ±n, Ã–LDÃœM"". #AliÄ°smailKorkmaz #Gezi8yasÄ±nda #1Haziran #loveislove #22YasaÄŸÄ±KaldÄ±rÄ±lsÄ±n #yasaklar #SALI  https://t.co/mgNKeOTyIo",tr,[],[],['https://pbs.twimg.com/media/E20Nw3EXwAIl454.jpg'],0,0,0,"['aliiÌ‡smailkorkmaz', 'gezi8yasÄ±nda', '1haziran', 'loveislove', '22yasaÄŸÄ±kaldÄ±rÄ±lsÄ±n', 'yasaklar', 'sali']",[],https://twitter.com/01Puni/status/1399790194174398467,False,,1,https://pbs.twimg.com/media/E20Nw3EXwAIl454.jpg,,,,,,,[],,,,
1399790192177860613,1399790192177860613,2021-06-01 21:09:23 +03,2021-06-01,21:09:23,+0300,3926594536,4444dfhhjbv,@Berfino,,"SÃ¶zÃ¼mÃ¼z Olsun; #SizGidince En bÃ¼yÃ¼k halayÄ±mÄ±zÄ± Gezi parkÄ±nda kuracaÄŸÄ±z  KadÄ±n Cinayetleri CezasÄ±z Kalmayacak   DoÄŸa KatliamlarÄ± Bitecek,  Yolsuzluk,Yasaklar, Son Bulacak.   Ã–zgÃ¼r Bir Ãœlke yaratmak Ä°Ã§in siz gidene kadar mÃ¼cadeleye devam EdeceÄŸiz...  https://t.co/dDuUoYG6GI",tr,[],[],['https://pbs.twimg.com/media/E20ND4gWQAUD71O.jpg'],0,0,1,['sizgidince'],[],https://twitter.com/4444dfhhjbv/status/1399790192177860613,False,,1,https://pbs.twimg.com/media/E20ND4gWQAUD71O.jpg,,,,,,,[],,,,
1399790158522822656,1399790158522822656,2021-06-01 21:09:15 +03,2021-06-01,21:09:15,+0300,2286717742,haberciyedi24,haberciyedi24,,Hakan Altun normalleÅŸme kararlarÄ±na tepki olarak enstrÃ¼manÄ±ndaki telleri kesti  https://t.co/ebD4wHWomK #yasaklar  https://t.co/sHn9jLCuRE,tr,[],['https://haberciyedi24.com/hakan-altun-normallesme-kararlarina-tepki-olarak-enstrumanindaki-telleri-kesti/'],['https://pbs.twimg.com/media/E20NqAMXIAYLmcs.jpg'],0,0,0,['yasaklar'],[],https://twitter.com/haberciyedi24/status/1399790158522822656,False,,1,https://pbs.twimg.com/media/E20NqAMXIAYLmcs.jpg,,,,,,,[],,,,
1399790104969945091,1399789429426995201,2021-06-01 21:09:02 +03,2021-06-01,21:09:02,+0300,939864969398620161,mutlu_gulnur,Gulnur Mutlu,,"@Barikat__lar3 SÃ¶zÃ¼mÃ¼z Olsun; #SizGidince En bÃ¼yÃ¼k halayÄ±mÄ±zÄ± Gezi parkÄ±nda kuracaÄŸÄ±z  KadÄ±n Cinayetleri CezasÄ±z Kalmayacak   DoÄŸa KatliamlarÄ± Bitecek,  Yolsuzluk,Yasaklar, Son Bulacak.   Ã–zgÃ¼r Bir Ãœlke yaratmak Ä°Ã§in siz gidene kadar mÃ¼cadeleye devam EdeceÄŸiz...",tr,[],[],[],0,4,6,['sizgidince'],[],https://twitter.com/mutlu_gulnur/status/1399790104969945091,False,,0,,,,,,,,"[{'screen_name': 'Barikat__lar3', 'name': 'BARÄ°KAT', 'id': '1323150263562227712'}]",,,,
1399790092898734090,1399790092898734090,2021-06-01 21:08:59 +03,2021-06-01,21:08:59,+0300,392629026,burakskry,buraksakarya,,"BÃ¶ylesi paylaÅŸÄ±mlar canÄ±mÄ± yakÄ±yor. Bu yasaklar adeta sanat yasaÄŸÄ± haline dÃ¶ndÃ¼, yaÅŸam tarzÄ±na mÃ¼dahale ne acÄ±dÄ±r ki normal algÄ±lanmaya baÅŸladÄ± Ã¼lkemde. Sahip Ã§Ä±kÄ±n sanata, sahneye, hayat tarzÄ±nÄ±za, kimliÄŸinize, kendinize, Ã¼lkenize... #gÃ¶zÃ¼nÃ¼yumma #sahnenesahipÃ§Ä±k  https://t.co/ZKKGVow84J",tr,[],[],['https://pbs.twimg.com/media/E20Nq8jWQA4HT5X.jpg'],0,0,1,"['gÃ¶zÃ¼nÃ¼yumma', 'sahnenesahipÃ§Ä±k']",[],https://twitter.com/burakskry/status/1399790092898734090,False,,1,https://pbs.twimg.com/media/E20Nq8jWQA4HT5X.jpg,,,,,,,[],,,,
1399790047440818179,1399790047440818179,2021-06-01 21:08:48 +03,2021-06-01,21:08:48,+0300,1307669640802439168,mrtsnlv,Arif Sanlav,,Yasaklar esnetildi ama deÄŸiÅŸen bir ÅŸey yok ne kadar alÄ±ÅŸtÄ±ysak plan yapmayÄ± unutmuÅŸuz,tr,[],[],[],0,0,1,[],[],https://twitter.com/mrtsnlv/status/1399790047440818179,False,,0,,,,,,,,[],,,,
1399790047247974400,1399790047247974400,2021-06-01 21:08:48 +03,2021-06-01,21:08:48,+0300,1231658705755787265,elifgeneske,ekg,,"Korona bitmiyor, yasaklar bitmiyor, pahalÄ±lÄ±k bitmiyor, cehalet bitmiyor, iÄŸrenÃ§ gÃ¼ndemler bitmiyor. Biten neler var?",tr,[],[],[],0,0,1,[],[],https://twitter.com/elifgeneske/status/1399790047247974400,False,,0,,,,,,,,[],,,,
1399789954096635907,1399789954096635907,2021-06-01 21:08:26 +03,2021-06-01,21:08:26,+0300,1390661623174647809,medusapeace,ğ•¸ğ–Šğ–‰ğ–šğ–˜ğ–†,,"SÃ¶zÃ¼mÃ¼z Olsun; #SizGidince En bÃ¼yÃ¼k halayÄ±mÄ±zÄ± Gezi parkÄ±nda kuracaÄŸÄ±z  KadÄ±n Cinayetleri CezasÄ±z Kalmayacak   DoÄŸa KatliamlarÄ± Bitecek,  Yolsuzluk,Yasaklar, Son Bulacak.   Ã–zgÃ¼r Bir Ãœlke yaratmak Ä°Ã§in siz gidene kadar mÃ¼cadeleye devam EdeceÄŸiz...",tr,[],[],[],0,3,4,['sizgidince'],[],https://twitter.com/medusapeace/status/1399789954096635907,False,https://twitter.com/Barikat__lar3/status/1399789429426995201,0,,,,,,,,[],,,,
1399789897242890243,1399789897242890243,2021-06-01 21:08:12 +03,2021-06-01,21:08:12,+0300,1399448829779447808,bgibiiii,BebeÄŸim Gibiiii,,Corona bi s*ktir git bi giiiÄŸÄŸÄŸtt #corona #yasaklar,tr,[],[],[],0,0,0,"['corona', 'yasaklar']",[],https://twitter.com/BGibiiii/status/1399789897242890243,False,,0,,,,,,,,[],,,,
1399789825830666240,1399784448414134273,2021-06-01 21:07:55 +03,2021-06-01,21:07:55,+0300,227315230,aristidistimac,Aristidis,,"@anadol_mert Ooo bu doÄŸruysa bir yÄ±ldÄ±r hukuksuz olarak koyuluyor yasaklar ve yasaklarÄ± koyanlar anayasaya aykÄ±rÄ± davranarak suÃ§ iÅŸliyorlar. ""Ä°tiraz edince mahkemeler cezalarÄ± iptal ediyor"" diye bir sÃ¶ylenti var. EÄŸer doÄŸruysa bu iki bilgi birbirini destekliyor. Ã‡ok teÅŸekkÃ¼r ederim bunun iÃ§in",tr,[],[],[],1,0,0,[],[],https://twitter.com/aristidistimac/status/1399789825830666240,False,,0,,,,,,,,"[{'screen_name': 'anadol_mert', 'name': 'Mert Anadol', 'id': '1341127391192756227'}]",,,,
1399789775968780293,1399789429426995201,2021-06-01 21:07:44 +03,2021-06-01,21:07:44,+0300,1318935094749442048,_muhalif_nazim_,NazÄ±m.,,"@Barikat__lar3 SÃ¶zÃ¼mÃ¼z Olsun; #SizGidince En bÃ¼yÃ¼k halayÄ±mÄ±zÄ± Gezi parkÄ±nda kuracaÄŸÄ±z  KadÄ±n Cinayetleri CezasÄ±z Kalmayacak   DoÄŸa KatliamlarÄ± Bitecek,  Yolsuzluk,Yasaklar, Son Bulacak.   Ã–zgÃ¼r Bir Ãœlke yaratmak Ä°Ã§in siz gidene kadar mÃ¼cadeleye devam EdeceÄŸiz.",tr,[],[],[],0,5,6,['sizgidince'],[],https://twitter.com/_Muhalif_Nazim_/status/1399789775968780293,False,,0,,,,,,,,"[{'screen_name': 'Barikat__lar3', 'name': 'BARÄ°KAT', 'id': '1323150263562227712'}]",,,,
1399789753080455171,1399789429426995201,2021-06-01 21:07:38 +03,2021-06-01,21:07:38,+0300,1390661623174647809,medusapeace,ğ•¸ğ–Šğ–‰ğ–šğ–˜ğ–†,,"@Barikat__lar3 SÃ¶zÃ¼mÃ¼z Olsun; #SizGidince En bÃ¼yÃ¼k halayÄ±mÄ±zÄ± Gezi parkÄ±nda kuracaÄŸÄ±z  KadÄ±n Cinayetleri CezasÄ±z Kalmayacak   DoÄŸa KatliamlarÄ± Bitecek,  Yolsuzluk,Yasaklar, Son Bulacak.   Ã–zgÃ¼r Bir Ãœlke yaratmak Ä°Ã§in siz gidene kadar mÃ¼cadeleye devam EdeceÄŸiz...  https://t.co/7wJDwtZNx5",tr,[],[],['https://pbs.twimg.com/media/E20ND4gWQAUD71O.jpg'],1,2,6,['sizgidince'],[],https://twitter.com/medusapeace/status/1399789753080455171,False,,1,https://pbs.twimg.com/media/E20ND4gWQAUD71O.jpg,,,,,,,"[{'screen_name': 'Barikat__lar3', 'name': 'BARÄ°KAT', 'id': '1323150263562227712'}]",,,,
1399789708071276553,1399752598383517697,2021-06-01 21:07:27 +03,2021-06-01,21:07:27,+0300,1348555041087643650,lara22137787,KimyacÄ±,,"@parodimsisey @erkanugurcann @sputnik_TR @muhendisyenn Tekrar yazayÄ±m hukukÃ§u beyefendiler uyardÄ±, azÄ±cÄ±k hukuk bilgimi satÄ±yormuÅŸum burada, ne satÄ±p ne kazanÄ±yorum bilmiyorum ama, vardÄ±r bir bildikleri. Genelge ile kesilen cezalar itiraz edince iptal oluyor Ã§Ã¼nkÃ¼, ne anayasa da ne HÄ±fzÄ±ssÄ±hha kanunda bu yasaklar ve cezalardan++",tr,[],[],[],1,0,0,[],[],https://twitter.com/Lara22137787/status/1399789708071276553,False,,0,,,,,,,,"[{'screen_name': 'parodimsisey', 'name': 'parodimsiÅŸey', 'id': '1344924995030552577'}, {'screen_name': 'erkanugurcann', 'name': 'UÄŸurcan', 'id': '769577752764841986'}, {'screen_name': 'sputnik_TR', 'name': 'Sputnik TÃ¼rkiye', 'id': '424893128'}, {'screen_name': 'muhendisyenn', 'name': 'mÃ¼hendisyen', 'id': '1375079971'}]",,,,
1399789670435897350,1399789670435897350,2021-06-01 21:07:18 +03,2021-06-01,21:07:18,+0300,1318935094749442048,_muhalif_nazim_,NazÄ±m.,,"SÃ¶zÃ¼mÃ¼z Olsun; #SizGidince En bÃ¼yÃ¼k halayÄ±mÄ±zÄ± Gezi parkÄ±nda kuracaÄŸÄ±z  KadÄ±n Cinayetleri CezasÄ±z Kalmayacak   DoÄŸa KatliamlarÄ± Bitecek,  Yolsuzluk,Yasaklar, Son Bulacak.   Ã–zgÃ¼r Bir Ãœlke yaratmak Ä°Ã§in siz gidene kadar mÃ¼cadeleye devam EdeceÄŸiz...",tr,[],[],[],0,3,6,['sizgidince'],[],https://twitter.com/_Muhalif_Nazim_/status/1399789670435897350,False,https://twitter.com/Barikat__lar3/status/1399789429426995201,0,,,,,,,,[],,,,
1399789668871376898,1399789668871376898,2021-06-01 21:07:18 +03,2021-06-01,21:07:18,+0300,1092384660640935936,aybukercogun,AYBÃœKELLEZÄ°,,Yasaklar kalktÄ±ÄŸÄ±na gÃ¶re cmt biraz Ã¶lÃ¼mden sonra yaÅŸam olduÄŸunu kendime kanÄ±tlayÄ±m diyorum NiÄŸde de hÃ¢lÃ¢ aÃ§Ä±k kafeler var mÄ± varsa nere,tr,[],[],[],0,0,0,[],[],https://twitter.com/aybukercogun/status/1399789668871376898,False,,0,,,,,,,,[],,,,
1399789664236679170,1399789429426995201,2021-06-01 21:07:17 +03,2021-06-01,21:07:17,+0300,1379017967594258433,33heyeheye33,LÃ®lan ğŸ•ŠâœŒğŸ»,,"@Barikat__lar3 SÃ¶zÃ¼mÃ¼z Olsun; #SizGidince En bÃ¼yÃ¼k halayÄ±mÄ±zÄ± Gezi parkÄ±nda kuracaÄŸÄ±z  KadÄ±n Cinayetleri CezasÄ±z Kalmayacak   DoÄŸa KatliamlarÄ± Bitecek,  Yolsuzluk,Yasaklar, Son Bulacak.   Ã–zgÃ¼r Bir Ãœlke yaratmak Ä°Ã§in siz gidene kadar mÃ¼cadeleye devam EdeceÄŸiz...",tr,[],[],[],0,6,9,['sizgidince'],[],https://twitter.com/33heyeheye33/status/1399789664236679170,False,,0,,,,,,,,"[{'screen_name': 'Barikat__lar3', 'name': 'BARÄ°KAT', 'id': '1323150263562227712'}]",,,,
1399789652987555844,1399789652987555844,2021-06-01 21:07:14 +03,2021-06-01,21:07:14,+0300,792419619348815873,hildanuradzl,iamhilda,,"Yasaklar kalktÄ±, herkes Starbucks'a doluÅŸtu. #1Haziran",tr,[],[],[],0,0,0,['1haziran'],[],https://twitter.com/HildanurAdzl/status/1399789652987555844,False,,0,,,,,,,,[],,,,
1399789429426995201,1399789429426995201,2021-06-01 21:06:21 +03,2021-06-01,21:06:21,+0300,1323150263562227712,barikat__lar3,BARÄ°KAT,,"SÃ¶zÃ¼mÃ¼z Olsun; #SizGidince En bÃ¼yÃ¼k halayÄ±mÄ±zÄ± Gezi parkÄ±nda kuracaÄŸÄ±z  KadÄ±n Cinayetleri CezasÄ±z Kalmayacak   DoÄŸa KatliamlarÄ± Bitecek,  Yolsuzluk,Yasaklar, Son Bulacak.   Ã–zgÃ¼r Bir Ãœlke yaratmak Ä°Ã§in siz gidene kadar mÃ¼cadeleye devam EdeceÄŸiz...  https://t.co/42kLrT6TK1",tr,[],[],['https://pbs.twimg.com/media/E20ND4gWQAUD71O.jpg'],30,40,71,['sizgidince'],[],https://twitter.com/Barikat__lar3/status/1399789429426995201,False,,1,https://pbs.twimg.com/media/E20ND4gWQAUD71O.jpg,,,,,,,[],,,,
1399789305564893190,1399789305564893190,2021-06-01 21:05:51 +03,2021-06-01,21:05:51,+0300,1315058565942513664,elfyldzz34,Elif YÄ±ldÄ±z,,"Korona bitmiyor, yasaklar bitmiyor, pahalÄ±lÄ±k bitmiyor, cehalet bitmiyor, iÄŸrenÃ§ gÃ¼ndemler bitmiyor. Biten neler var?",tr,[],[],[],0,0,0,[],[],https://twitter.com/Elfyldzz34/status/1399789305564893190,False,,0,,,,,,,,[],,,,
1399789247972904962,1399789247972904962,2021-06-01 21:05:38 +03,2021-06-01,21:05:38,+0300,1255211666364674054,baha35dr,BahadÄ±r,,ÅarkÄ±cÄ±lar esnaf vatandas zor durumdayken tepki gÃ¶stermeliydi. HalkÄ±n derdiyle dertlenmeyen ses karga sesi kadar deÄŸeri yok. TÃ¼m yasaklar kalkmalÄ± her kesimden #gÃ¶zÃ¼nÃ¼yumma #yasaklar,tr,[],[],[],0,0,2,"['gÃ¶zÃ¼nÃ¼yumma', 'yasaklar']",[],https://twitter.com/baha35dr/status/1399789247972904962,False,,0,,,,,,,,[],,,,
1399789184735485952,1399789184735485952,2021-06-01 21:05:23 +03,2021-06-01,21:05:23,+0300,1393918319107977219,tulayderler,tulayderler,,"BugÃ¼n yasaklar kalktÄ± akÅŸam herkes RakÄ±â€™da .  Hani lan kriz, hani bozuk psikolojilerğŸ˜",tr,[],[],[],0,0,1,[],[],https://twitter.com/tulayderler/status/1399789184735485952,False,,0,,,,,,,,[],,,,
1399789027918819332,1399789027918819332,2021-06-01 21:04:45 +03,2021-06-01,21:04:45,+0300,1164647318165118985,htcbrhn16,sokratice ğŸ‡¹ğŸ‡·,,Yasaklar kalktÄ± dÃ¼ÄŸÃ¼n tarihleri hemen belirlenmiÅŸ. MasAllah genÃ§ler Ã§ok hizlisinÄ±z ğŸ™ƒğŸ˜‚,tr,[],[],[],0,0,1,[],[],https://twitter.com/htcbrhn16/status/1399789027918819332,False,,0,,,,,,,,[],,,,
1399788957169225728,1399788957169225728,2021-06-01 21:04:28 +03,2021-06-01,21:04:28,+0300,1240721247278895104,eren50855570,Eren,,UmarÄ±m bir an Ã¶nce yasaklar kalkar ğŸ˜,tr,[],[],[],0,0,0,[],[],https://twitter.com/Eren50855570/status/1399788957169225728,False,https://twitter.com/pusholder/status/1399782521689329668,0,,,,,,,,[],,,,
1399788757092638727,1399788757092638727,2021-06-01 21:03:41 +03,2021-06-01,21:03:41,+0300,1224961735901294594,feyza_gndgd,Feyza,,Yasaklar kalktÄ± da sevdicek cumartesi Ã§alÄ±ÅŸÄ±yor biz yine buluÅŸamÄ±yoruzz nolÃ¼Ã¼yooorrrr,tr,[],[],[],0,0,4,[],[],https://twitter.com/feyza_gndgd/status/1399788757092638727,False,,0,,,,,,,,[],,,,
1399788731071148033,1399740444737781760,2021-06-01 21:03:34 +03,2021-06-01,21:03:34,+0300,1359305995,togaysefa,Thorun Torunu Sefa,,@cansukayamyy Yess bÃ¼tÃ¼n yasaklar bi kaÃ§ hafta Ã¶nce kaldÄ±rÄ±ldÄ± sadece maske olayÄ± var,tr,[],[],[],1,0,0,[],[],https://twitter.com/TogaySefa/status/1399788731071148033,False,,0,,,,,,,,"[{'screen_name': 'cansukayamyy', 'name': 'canÄ±na susadÄ±', 'id': '1279693079973412867'}]",,,,
1399788602482102274,1399471371923726347,2021-06-01 21:03:04 +03,2021-06-01,21:03:04,+0300,146614145,nisalep,ğ“‘ğ“›ğ“ğ“’ğ“š ğ“’ğ“ğ“£,,@SoruSorarim Yasaklar,tr,[],[],[],0,0,0,[],[],https://twitter.com/nisalep/status/1399788602482102274,False,,0,,,,,,,,"[{'screen_name': 'SoruSorarim', 'name': 'Soru Floodu', 'id': '821383546216607744'}]",,,,
1399788572841029632,1399788572841029632,2021-06-01 21:02:57 +03,2021-06-01,21:02:57,+0300,333057931,f4mige,Ä°GE,,Emmi esecez ha yasaklar kalktÄ±,tr,[],[],[],0,0,4,[],[],https://twitter.com/f4mige/status/1399788572841029632,False,,0,,,,,,,,[],,,,
1399788555388571650,1399788555388571650,2021-06-01 21:02:53 +03,2021-06-01,21:02:53,+0300,1035856879,kirkekirks,Kirkekirk,,"Pandemi yasaklarÄ±nÄ±n pandemiyle bir ilgisi yok. Tamamen â€œkÃ¼ltÃ¼rel hegemonyayÄ±â€ bitirebilmek iÃ§in. KÃ¼ltÃ¼r Ã¼retemediler, yasakla bitirmeye Ã§alÄ±ÅŸÄ±yorlar. #yasaklar",tr,[],[],[],0,0,0,['yasaklar'],[],https://twitter.com/kirkekirkS/status/1399788555388571650,False,https://twitter.com/fahrettinaltun/status/1014916512598167555,0,,,,,,,,[],,,,
1399788500237565958,1399785915090980864,2021-06-01 21:02:39 +03,2021-06-01,21:02:39,+0300,1363086007940300802,anliyorumhocam_,Alper ($â‚¬Â£) ğŸ‡¹ğŸ‡·ğŸ‡¦ğŸ‡ºğŸ‡¨ğŸ‡­,,"@jahreindota KadÄ±n hem haklÄ± hem haksÄ±z, Ã§ok karÄ±ÅŸÄ±k mevzu hukuksuz cezalar , hukuksuz yasaklar bu tÃ¼r aÃ§Ä±klara sebep oluyor, ama Tr ortalamasÄ±ndan bi tÄ±k bilinÃ§li gibi.",tr,[],[],[],0,0,0,[],[],https://twitter.com/AnliyorumHocam_/status/1399788500237565958,False,,0,,,,,,,,"[{'screen_name': 'jahreindota', 'name': 'Jahrein âš™ï¸', 'id': '2589399024'}]",,,,
1399788383971446792,1399785915090980864,2021-06-01 21:02:12 +03,2021-06-01,21:02:12,+0300,1220836212405043201,dantealegri1,Dantealegri,,@alepraydn @jahreindota Kuru ve evden Ã§Ä±karmadÄ±ÄŸÄ±nÄ±z gÃ¶tÃ¼nÃ¼zle her gÃ¼n iÅŸe gitmek ve maske takmak zorunda kalan insanlarÄ± eleÅŸtiremezsiniz.  KaldÄ± ki bayan maskeyi burnuna Ã§ekmediÄŸi iÃ§in ceza yemiÅŸ.  AyrÄ±ca halka yasaklar koyan akphÃ¼kÃ¼meti kendileri ve kitlesi kÄ±sÄ±tlamalarÄ± yok saymakta maske takmamakta,tr,[],[],[],1,0,0,[],[],https://twitter.com/Dantealegri1/status/1399788383971446792,False,,0,,,,,,,,"[{'screen_name': 'alepraydn', 'name': 'cerebrumori', 'id': '2496127710'}, {'screen_name': 'jahreindota', 'name': 'Jahrein âš™ï¸', 'id': '2589399024'}]",,,,
1399788378132992000,1399788378132992000,2021-06-01 21:02:10 +03,2021-06-01,21:02:10,+0300,774465329389047809,mustafa7y7,Mustafa â„¢ |1907|,,Yasaklar kalkÄ±nca deÄŸerlendirelim dedik  https://t.co/rpTyQA51il,tr,[],[],['https://pbs.twimg.com/media/E20MGrQWUAE7-Q4.jpg'],0,0,0,[],[],https://twitter.com/MUSTAFA7y7/status/1399788378132992000,False,,1,https://pbs.twimg.com/media/E20MGrQWUAE7-Q4.jpg,,,,,,,[],,,,
1399788265625075716,1399788265625075716,2021-06-01 21:01:43 +03,2021-06-01,21:01:43,+0300,1273701835140935680,engindamciworks,Engin DamcÄ±,,"Emek SinemasÄ± yÄ±kÄ±ldÄ±ÄŸÄ±nda, SEKA kapandÄ±ÄŸÄ±nda, Erkan OÄŸur piÅŸman olduÄŸunu aÃ§Ä±kladÄ±ÄŸÄ±nda bir yok ediÅŸ sÃ¼recinin baÅŸladÄ±ÄŸÄ±nÄ± anlamÄ±ÅŸtÄ±k aslÄ±nda ama ""neylersin, iÃ§erde kalmÄ±ÅŸÄ±z.""  #sahnenesahipÃ§Ä±k #yasaklar @cuneytozdemir",tr,"[{'screen_name': 'cuneytozdemir', 'name': 'cÃ¼neyt Ã¶zdemir', 'id': '30631061'}]",[],[],0,0,0,"['sahnenesahipÃ§Ä±k', 'yasaklar']",[],https://twitter.com/engindamciworks/status/1399788265625075716,False,,0,,,,,,,,[],,,,
1399788238638829569,1399788238638829569,2021-06-01 21:01:37 +03,2021-06-01,21:01:37,+0300,2882923138,anothepassenge,KÃ¼bra V. ğŸ‡¹ğŸ‡·,,"Ooh ooh halk hakkÄ±nÄ± savunuyor, kimse kafasÄ±na gÃ¶re ceza yazamÄ±yor ooh  #yasaklar #okullar #Ayete5816DavasÄ±",tr,[],[],[],0,0,1,"['yasaklar', 'okullar', 'ayete5816davasÄ±']",[],https://twitter.com/AnothePassenge/status/1399788238638829569,False,https://twitter.com/sputnik_TR/status/1399752598383517697,0,,,,,,,,[],,,,
1399788144392876042,1399788144392876042,2021-06-01 21:01:15 +03,2021-06-01,21:01:15,+0300,1353087140624789507,sevvaly44076688,Akrep,,"#AKPliHaramiler #YasaklarÄ±TanÄ±mÄ±yoruz #SedatPekerSusturulamaz  O kadar suÃ§ , okadar suÃ§lu isim ifÅŸa etti tek kelime hareket yok , ne bir savcÄ± ne bir soruÅŸturma yok. BÃ¶yle adalet yerin dibine batsÄ±n... Keyfi yasaklar keyifli kararlar baydiniz artÄ±k.",tr,[],[],[],0,0,0,"['akpliharamiler', 'yasaklarÄ±tanÄ±mÄ±yoruz', 'sedatpekersusturulamaz']",[],https://twitter.com/sevvaly44076688/status/1399788144392876042,False,,0,,,,,,,,[],,,,
1399788103225823243,1399788103225823243,2021-06-01 21:01:05 +03,2021-06-01,21:01:05,+0300,173428917,akndirgen,AkÄ±n,,Yeter artÄ±k ! Sahnemizi geri verin..  Ne biz seyircisiz yapabiliriz ne de onlar bizsiz..  Can Ã§ekiÅŸen tiyatro ve mÃ¼zik sektÃ¶rÃ¼ iÃ§in yasaklar adÄ± altÄ±nda umursanmayan bizlerin desteÄŸe ihtiyacÄ± var !ğŸ™ğŸ» ğŸ­ğŸ¤ğŸ¸ğŸ»ğŸ· Haydi !  #GÃ¶zÃ¼nÃ¼Yumma #SahneneSahipÃ‡Ä±k  https://t.co/DoyKgSkTOB,tr,[],[],['https://pbs.twimg.com/media/E20L2p1XEAMPelu.jpg'],0,0,2,"['gÃ¶zÃ¼nÃ¼yumma', 'sahnenesahipÃ§Ä±k']",[],https://twitter.com/akndirgen/status/1399788103225823243,False,,1,https://pbs.twimg.com/media/E20L2p1XEAMPelu.jpg,,,,,,,[],,,,
1399788102315544598,1399788102315544598,2021-06-01 21:01:05 +03,2021-06-01,21:01:05,+0300,1010907121553235969,7aytensimsek,captain,,"Belli standardÄ± olmayan yasaklar ve mesleÄŸi elinden alÄ±nan insanlar.Her fÄ±rsatta Ã¼lkenin psikolojisi sÃ¶mÃ¼rÃ¼ldÃ¼.Maliyet yine topluma oldu. SinemalarÄ± aÃ§Ä±p konserleri yasaklamak, tiyatro sahnelerini kapatmak, alkollÃ¼ mekanlarÄ± aÃ§mamak yaÅŸam tarzÄ± dayatmasÄ±ndan baÅŸka bir ÅŸey deÄŸil.  https://t.co/m3nuGThC5o",tr,[],[],['https://pbs.twimg.com/media/E20L1ONWQAAlZBl.jpg'],0,0,0,[],[],https://twitter.com/7aytensimsek/status/1399788102315544598,False,,1,https://pbs.twimg.com/media/E20L1ONWQAAlZBl.jpg,,,,,,,[],,,,
1399788085639065604,1399780699104813059,2021-06-01 21:01:01 +03,2021-06-01,21:01:01,+0300,1361929066870374401,gokhan84122935,Gokhan,,@akpartimardin TRT de olacak tabi Ã§Ã¼nkÃ¼ en kolay sorular burda sorulacak..ekonimi bÃ¼yÃ¼yor uzaya gidiyoruz yerli uÃ§aÄŸÄ±mÄ±z gÃ¶klerde yerli arabamÄ±z yollarda falan filan..esnaf batmÄ±ÅŸ insanlar yokluktan intihar ediyor yalan salgÄ±n yasaklar devam ediyor bunu haber yapan medya yok,tr,[],[],[],0,0,0,[],[],https://twitter.com/Gokhan84122935/status/1399788085639065604,False,,0,,,,,,,,"[{'screen_name': 'akpartimardin', 'name': 'Ak Parti Mardin', 'id': '1096100437'}]",,,,
1399787724744409093,1399770706133540867,2021-06-01 20:59:35 +03,2021-06-01,20:59:35,+0300,1527687625,ibrahimcetin_12,Ä°brahim,,@haluktatar Kabine aÃ§Ä±klamasÄ± - yeni yasaklar = bu program,tr,[],[],[],0,0,0,[],[],https://twitter.com/ibrahimcetin_12/status/1399787724744409093,False,,0,,,,,,,,"[{'screen_name': 'haluktatar', 'name': 'Haluk TATAR', 'id': '328407108'}]",,,,
1399787503058669573,1399787503058669573,2021-06-01 20:58:42 +03,2021-06-01,20:58:42,+0300,1310842505064316929,merveyatkn,MERVE,,"yasaklar kalkmÄ±ÅŸ olabilir ama,sanÄ±rÄ±m bazÄ± buluÅŸmalar mahÅŸere kaldÄ±",tr,[],[],[],0,0,8,[],[],https://twitter.com/merveyatkn/status/1399787503058669573,False,,0,,,,,,,,[],,,,
1399787398503059463,1399787398503059463,2021-06-01 20:58:17 +03,2021-06-01,20:58:17,+0300,1334968961029566466,kalayismail__,Ä°smail ALTMIÅBÄ°NOÄLU,,SayÄ±n Valim @hmzaydg hazÄ±r yasaklar da kalkmÄ±ÅŸken Ankara'ya etkinliÄŸimize kahve iÃ§meye davetlisiniz. :):)  '  '  https://t.co/J3lOSrjZNe,tr,"[{'screen_name': 'hmzaydg', 'name': 'hamza aydoÄŸdu', 'id': '2158885732'}]",[],['https://pbs.twimg.com/media/E20LOG1XwAcKwk0.jpg'],0,14,45,[],[],https://twitter.com/Kalayismail__/status/1399787398503059463,False,,1,https://pbs.twimg.com/media/E20LOG1XwAcKwk0.jpg,,,,,,,[],,,,
1399787329062162437,1399786831789559810,2021-06-01 20:58:00 +03,2021-06-01,20:58:00,+0300,4560498267,berkesezginer,BS,,@nazlicanakinci Yasaklar bitti beni hala alkol iÃ§meye davet etmedin aynÄ± emojiyi iletiyorum,tr,[],[],[],1,0,1,[],[],https://twitter.com/BerkeSezginer/status/1399787329062162437,False,,0,,,,,,,,"[{'screen_name': 'nazlicanakinci', 'name': 'NazlÄ±can  AkÄ±ncÄ±', 'id': '604751539'}]",,,,
1399787156558823428,1399461802065416201,2021-06-01 20:57:19 +03,2021-06-01,20:57:19,+0300,1862901764,orkunatug,ORKUN,,@Saka_larr Fakat Ä°slamÄ± yoz gerici bir din gibi gÃ¶stermek yozluk cahillik oluyor. Ä°slam dini mÃ¼slÃ¼man olanlarÄ± yekten cennetlik ilan etmiyor. AyrÄ±ca emir ve yasaklar hayatÄ±n doÄŸal akÄ±ÅŸÄ±na da ters deÄŸil. AbartÄ±lÄ± veya yanlÄ±ÅŸ yapÄ±lan ÅŸeyleri dinin kendine yÃ¼klemek yanlÄ±ÅŸ.,tr,[],[],[],0,0,0,[],[],https://twitter.com/ORKUNATUG/status/1399787156558823428,False,,0,,,,,,,,"[{'screen_name': 'Saka_larr', 'name': 'Sakalar Ä°skitler(Gizlenen Eski Anadolu HalkÄ±)', 'id': '943206306755829760'}]",,,,
1399787128280780808,1399787128280780808,2021-06-01 20:57:12 +03,2021-06-01,20:57:12,+0300,326439946,demiirsongul,soso,,Yasaklar kalktÄ±ktan sonra temaslÄ± olmak kime yakÄ±ÅŸÄ±rdÄ±...bana,tr,[],[],[],0,0,0,[],[],https://twitter.com/demiirsongul/status/1399787128280780808,False,,0,,,,,,,,[],,,,
1399787007040237568,1399787007040237568,2021-06-01 20:56:43 +03,2021-06-01,20:56:43,+0300,2258511526,akinferit1985,Fero,,PaylaÅŸÄ±n   paylaÅŸÄ±n  #AtatÃ¼rk #AtatuerkcueHesaplarTakiplesiyor  #yasaklar  https://t.co/hpxv4EhHW4,tr,[],[],['https://pbs.twimg.com/media/E20K3PyWYAYRLJl.jpg'],0,0,0,"['atatÃ¼rk', 'atatuerkcuehesaplartakiplesiyor', 'yasaklar']",[],https://twitter.com/akinferit1985/status/1399787007040237568,False,,1,https://pbs.twimg.com/media/E20K3PyWYAYRLJl.jpg,,,,,,,[],,,,
1399786976614793218,1399786976614793218,2021-06-01 20:56:36 +03,2021-06-01,20:56:36,+0300,246676154,ahmetcinarlidag,AhmeT Ã‡Ä±narLÄ±daÄ,,KalkmÄ±ÅŸ hali bu mu? #yasaklar,tr,[],[],[],0,0,0,['yasaklar'],[],https://twitter.com/ahmetcinarlidag/status/1399786976614793218,False,,0,,,,,,,,[],,,,
1399786869940965382,1399786134872395777,2021-06-01 20:56:11 +03,2021-06-01,20:56:11,+0300,782123087340994561,uzunoglubusra10,BÃ¼ÅŸra UzunoÄŸlu,,@tolstoynbsklti @OsmanliKahve Yasaklar kalkmÄ±ÅŸ suan neyimize o zmnğŸ˜,tr,[],[],[],1,0,1,[],[],https://twitter.com/uzunoglubusra10/status/1399786869940965382,False,,0,,,,,,,,"[{'screen_name': 'tolstoynbsklti', 'name': 'Åirvan DurmuÅŸ', 'id': '784829270036213760'}, {'screen_name': 'OsmanliKahve', 'name': 'Bayramefendi OsmanlÄ± Kahvecisi', 'id': '1435082846'}]",,,,
1399786852245295104,1399786852245295104,2021-06-01 20:56:07 +03,2021-06-01,20:56:07,+0300,1106930490152497157,muzeyyensayki,Muzeyyensayki,,"Butun sahne emekcilerine destek zamanÄ± , eÄŸlence sektorune uygulanan yasaklar politiktir. #mÃ¼ziksusmasÄ±n",tr,[],[],[],0,0,0,['mÃ¼ziksusmasÄ±n'],[],https://twitter.com/muzeyyensayki/status/1399786852245295104,False,,0,,,,,,,,[],,,,
1399786825665888262,1399786825665888262,2021-06-01 20:56:00 +03,2021-06-01,20:56:00,+0300,1131837258187890688,alimutlualim,alimutlualim,,AKPâ€™nin salgÄ±nla alakalÄ± aldÄ±ÄŸÄ± kararlar ve yasaklar insanlarÄ±n yaÅŸam tarzÄ±na yÃ¶nelik postmodern ÅERÄ°AT uygulamasÄ±dÄ±r bÃ¼tÃ¼n bir milleti kendileri   gibi yaÅŸamaya zorlamaktÄ±r bunun iÃ§inde uydurma bir genelge uydurma bir yasak ve kolluk kuvvetiyle kendi ÅŸeriatÄ±nÄ± ilan etmek amaÃ§,tr,[],[],[],0,0,0,[],[],https://twitter.com/alimutlualim/status/1399786825665888262,False,,0,,,,,,,,[],,,,
1399786737413537799,1399786737413537799,2021-06-01 20:55:39 +03,2021-06-01,20:55:39,+0300,1396473419336650753,batikooonn,BatÄ±,,"Ãœlkenin yarÄ±sÄ±ndan fazlasÄ± bugÃ¼n spor salonuna yazÄ±lmÄ±ÅŸ, storyler full spor salonu dolu. #sporsalonlarÄ± #kabinetoplantÄ±sÄ±  #yasaklar #1HazirandanÄ°tibaren",tr,[],[],[],0,0,0,"['sporsalonlarÄ±', 'kabinetoplantÄ±sÄ±', 'yasaklar', '1hazirandaniÌ‡tibaren']",[],https://twitter.com/batikooonn/status/1399786737413537799,False,,0,,,,,,,,[],,,,
1399786728358035460,1399474373598367746,2021-06-01 20:55:37 +03,2021-06-01,20:55:37,+0300,164874269,mustafayavuz1,mustafa yavuz,,"@siring Bunlar yaÅŸam tarzÄ±yla kafayÄ± yemiÅŸler yaa.Yasaklar bitince ne tarz bir yaÅŸam istiyorsan ona gÃ¶re,hatta internetlere yansÄ±yan ve avrupa'dan tranfer etmiÅŸ olduÄŸunuz en marjinal tarzlarÄ± yaÅŸayabilirsiniz.Kimsede gelipte size ne yapÄ±yorsunuz demez.Ä°Ã§inizde,DÄ±ÅŸÄ±nÄ±zda rahat olsun.",tr,[],[],[],0,0,0,[],[],https://twitter.com/mustafayavuz1/status/1399786728358035460,False,,0,,,,,,,,"[{'screen_name': 'siring', 'name': 'Sirin Payzin', 'id': '60668913'}]",,,,
1399786726177099777,1399786726177099777,2021-06-01 20:55:36 +03,2021-06-01,20:55:36,+0300,1313996024244035589,nyksfyy,e.,,laik bir cumhuriyet'te insanlara islami yaÅŸayÄ±ÅŸÄ± empoze etmek iÃ§in alÄ±nan yasaklar... siyasal islam terÃ¶rizmdir.,tr,[],[],[],0,0,0,[],[],https://twitter.com/nyksfyy/status/1399786726177099777,False,,0,,,,,,,,[],,,,
1399786708116324355,1399786708116324355,2021-06-01 20:55:32 +03,2021-06-01,20:55:32,+0300,1240920895272685568,nci04173381,Ä°nci Ã–zcan,,Biz yasaklar kalksÄ±n ÅŸÃ¶yle bir denize gidelim tatil yapalÄ±m diyoruz. DiÄŸerleri eÄŸlence mekanlarÄ±na.. Biz huzura onlar kopmaya.,tr,[],[],[],0,0,0,[],[],https://twitter.com/nci04173381/status/1399786708116324355,False,,0,,,,,,,,[],,,,
1399786570966835202,1399786570966835202,2021-06-01 20:54:59 +03,2021-06-01,20:54:59,+0300,1372648957621501956,cagrieeker,Ã§aÄŸrÄ±,,meÅŸruiyeti olduÄŸu hÃ¢lde hukuksuz olan yasaklar anca genelge devletlerinde olurdu zaten...,tr,[],[],[],0,0,0,[],[],https://twitter.com/cagrieeker/status/1399786570966835202,False,https://twitter.com/sputnik_tr/status/1399752598383517697,0,,,,,,,,[],,,,
1399786400904626182,1399786400904626182,2021-06-01 20:54:19 +03,2021-06-01,20:54:19,+0300,2882923138,anothepassenge,KÃ¼bra V. ğŸ‡¹ğŸ‡·,,#yasaklar #okullar doÄŸruya doÄŸru.  VÃ¼cuda zarar veriyor,tr,[],[],[],0,0,1,"['yasaklar', 'okullar']",[],https://twitter.com/AnothePassenge/status/1399786400904626182,False,https://twitter.com/ahusimya/status/1399760019848056842,0,,,,,,,,[],,,,
1399786322949193732,1399785110329831430,2021-06-01 20:54:00 +03,2021-06-01,20:54:00,+0300,3088095519,01goko,GÃ¶khan OrmancÄ±,,"@Zaferayranci7 Yani demem o ki hani yasaklar kalktÄ± ya, yiyebilecek yer bulabilirmiyiz anlamÄ±nda. ğŸ¤£ eyvallah hemÅŸehrim.",tr,[],[],[],0,0,0,[],[],https://twitter.com/01goko/status/1399786322949193732,False,,0,,,,,,,,"[{'screen_name': 'Zaferayranci7', 'name': 'Zaferayranci', 'id': '1346096370617364481'}]",,,,
1399786134872395777,1399786134872395777,2021-06-01 20:53:15 +03,2021-06-01,20:53:15,+0300,782123087340994561,uzunoglubusra10,BÃ¼ÅŸra UzunoÄŸlu,,Yasaklar kalktÄ± ouh ÅŸuan @OsmanliKahve de oturup birosmanli kahvesi iÃ§mek  10 numara olmaz mÄ±ydÄ±  @tolstoynbsklti ğŸ˜’,tr,"[{'screen_name': 'osmanlikahve', 'name': 'bayramefendi osmanlÄ± kahvecisi', 'id': '1435082846'}, {'screen_name': 'tolstoynbsklti', 'name': 'ÅŸirvan durmuÅŸ', 'id': '784829270036213760'}]",[],[],1,0,2,[],[],https://twitter.com/uzunoglubusra10/status/1399786134872395777,False,,0,,,,,,,,[],,,,
1399786010691710978,1399773661066895363,2021-06-01 20:52:46 +03,2021-06-01,20:52:46,+0300,2427663937,nasitoner,NaÅŸit Ã–NER,,"@drfahrettinkoca Bir tablo vardÄ±, renkli. KÄ±rmÄ±zÄ± vardÄ±, turuncu, sarÄ±, mavi renkler vardÄ±. Renklere gÃ¶re farklÄ± yasaklar vardÄ±. Her yerde hedef mavi tmm mÄ± diye afiÅŸler vardÄ±.  Ne oldu ona? 2 hafta mÄ±ydÄ± Ã¶mrÃ¼? DÃ¼nyanÄ±n kÄ±skandÄ±ÄŸÄ± bÃ¼yÃ¼k ve gÃ¼Ã§lÃ¼ yeni TÃ¼rkiye nin Ã¶n gÃ¶rÃ¼sÃ¼ bu kadar mÄ±ydÄ±?",tr,[],[],[],0,1,1,[],[],https://twitter.com/nasitoner/status/1399786010691710978,False,,0,,,,,,,,"[{'screen_name': 'drfahrettinkoca', 'name': 'Dr. Fahrettin Koca', 'id': '1016198241417822208'}]",,,,
1399786001850146823,1399786001850146823,2021-06-01 20:52:44 +03,2021-06-01,20:52:44,+0300,1266994984785522688,hepayniseyler2,Buse,,Yasaklar kalkÄ±yormuÅŸ gel bir de bunu bir hafta sonra olan finallere  anlat,tr,[],[],[],0,0,2,[],[],https://twitter.com/hepayniseyler2/status/1399786001850146823,False,,0,,,,,,,,[],,,,
1399785882148823042,1399785882148823042,2021-06-01 20:52:15 +03,2021-06-01,20:52:15,+0300,1396886818105274383,benturistim,Turist,,#CumhurbaÅŸkanÄ±TRTde hele sorun hele yasaklar ne zaman kalkacak,tr,[],[],[],0,0,0,['cumhurbaÅŸkanÄ±trtde'],[],https://twitter.com/BenTuristim/status/1399785882148823042,False,,0,,,,,,,,[],,,,
1399785797449043968,1399785797449043968,2021-06-01 20:51:55 +03,2021-06-01,20:51:55,+0300,1151551733845377024,dinazraa,melankolik,,BugÃ¼n yasaklar kalkmÄ±ÅŸ yarÄ±n dÃ¼ÄŸÃ¼n var.. Kurdish problems,tr,[],[],[],0,0,0,[],[],https://twitter.com/dinazraa/status/1399785797449043968,False,,0,,,,,,,,[],,,,
1399785683993214981,1399470777561403393,2021-06-01 20:51:28 +03,2021-06-01,20:51:28,+0300,1286641949978632196,metinerksan34,metinerksan,,"@RTErdogan Sizi pandemi sÃ¼recindeki yasaklar deÄŸil,normalleÅŸme sÃ¼recindeki saÃ§ma sapan kÄ±sÄ±tlamalar bitirecek.Meydanda pkk lÄ±larla kolkola gezenlere kalacak (Maalesef).",tr,[],[],[],0,0,0,[],[],https://twitter.com/metinerksan34/status/1399785683993214981,False,,0,,,,,,,,"[{'screen_name': 'RTErdogan', 'name': 'Recep Tayyip ErdoÄŸan', 'id': '68034431'}]",,,,
1399785617513496580,1399785617513496580,2021-06-01 20:51:12 +03,2021-06-01,20:51:12,+0300,1155149634760773632,cvdn34,Cvdn34,,"Ã–nce korku sal,sonra maske taktÄ±r,eve kapat,kepenk Ã§ektir,iflas ettir,AÅŸÄ± iÃ§in ZorbalÄ±k yap:( yasaklar koy, Ä°ntihar etmek isteseydik tercihimiz aÅŸÄ± olmazdÄ±..#asÄ±yahayÄ±r #Bhakdidiyorki",tr,[],[],[],0,0,0,"['asÄ±yahayÄ±r', 'bhakdidiyorki']",[],https://twitter.com/cvdn34/status/1399785617513496580,False,,0,,,,,,,,[],,,,
1399785556977061893,1399785556977061893,2021-06-01 20:50:58 +03,2021-06-01,20:50:58,+0300,2498787571,tengrikut58,Tolunay,,Yasaklar bittiÄŸine gÃ¶re kÄ±z peÅŸinde koÅŸmayÄ± bÄ±rakÄ±n beyler. Gelin kadrolarÄ± kurup halÄ± saha yapalÄ±m. Sert oynayÄ±p tendonlarÄ± koparalÄ±m. Ä°htiyacÄ±mÄ±z olan ÅŸey budur.,tr,[],[],[],1,0,17,[],[],https://twitter.com/tengrikut58/status/1399785556977061893,False,,0,,,,,,,,[],,,,
1399785547703500801,1399785547703500801,2021-06-01 20:50:55 +03,2021-06-01,20:50:55,+0300,727171392307867649,gizmosko,gizmoÅŸko,,Zeki Alasya ile Metin AkpÄ±nar'Ä±n #yasaklar adlÄ± tiyatro oyununun gÃ¼nÃ¼mÃ¼z versiyonunu izliyoruz resmen,tr,[],[],[],0,0,0,['yasaklar'],[],https://twitter.com/gizmosko/status/1399785547703500801,False,,0,,,,,,,,[],,,,
1399785524760621056,1399785524760621056,2021-06-01 20:50:50 +03,2021-06-01,20:50:50,+0300,1244357417384771586,ahmetkorkmazt,akite the machine,,"yasaklar kalkÄ±nca millet kafelere koÅŸtu, adam gibi adamlar halisahaya..",tr,[],[],[],1,0,2,[],[],https://twitter.com/ahmetkorkmazt/status/1399785524760621056,False,,0,,,,,,,,[],,,,
1399785427045957636,1399785427045957636,2021-06-01 20:50:27 +03,2021-06-01,20:50:27,+0300,1387153405,mahsumm1907,ğ“œğ“ªğ“±ğ“¼ğ“¾ğ“¶ï£¿,,Yasaklar kalktÄ±ÄŸÄ±na raÄŸmen ben hala evi terkedemiyorum dÄ±ÅŸarda neler vardÄ± sahi ğŸ¤·â€â™‚ï¸,tr,[],[],[],0,0,0,[],[],https://twitter.com/Mahsumm1907/status/1399785427045957636,False,,0,,,,,,,,[],,,,
1399785373652471811,1399699962598985739,2021-06-01 20:50:14 +03,2021-06-01,20:50:14,+0300,1217588834344542210,melikyildiz25,melik yÄ±ldÄ±z,,@AhmetYazici35 @ozkal_yucel @drfahrettinkoca Hastahaneler bu halde devam ederse gitmem zaten de. AÅŸÄ± ile ne alakasÄ± var  milletin gÃ¼veni yok  zorla aÅŸÄ±lamak ne demek  BaskÄ± uygulama AyrÄ±mcÄ±lÄ±k yapmak SaÃ§ma sapan yasaklar Bunlar etik deÄŸil kardeÅŸim.,tr,[],[],[],1,0,0,[],[],https://twitter.com/MelikYILDIZ25/status/1399785373652471811,False,,0,,,,,,,,"[{'screen_name': 'AhmetYazici35', 'name': 'Ahmet YazÄ±cÄ±', 'id': '805241006'}, {'screen_name': 'ozkal_yucel', 'name': 'YÃ¼cel Ã–zkal', 'id': '1082323369834487808'}, {'screen_name': 'drfahrettinkoca', 'name': 'Dr. Fahrettin Koca', 'id': '1016198241417822208'}]",,,,
1399785306937872388,1399785306937872388,2021-06-01 20:49:58 +03,2021-06-01,20:49:58,+0300,1146763298739761153,gmzkyy_,Gamze,,Yasaklar varken ful gezen ama her yerin aÃ§Ä±ldÄ±ÄŸÄ± 1 haziran gÃ¼nÃ¼ evde oturan avel kim bilin bakalÄ±m,tr,[],[],[],0,0,3,[],[],https://twitter.com/gmzkyy_/status/1399785306937872388,False,,0,,,,,,,,[],,,,
